step,lr,train_mse,test_mse
1000,0.00021540701015615877,0.0007881733786780387,0.0007285768743604422
2000,2.798378971682948e-05,0.00028167027077870445,0.00026111446879804136
2442,1.4726166999157184e-10,0.0002706282550934702,0.0002587761851027608
