step,lr,train_mse,test_mse
1000,0.00021540701015615877,0.0008738520799670368,0.000856103677302599
2000,2.798378971682948e-05,0.00020692155143478886,0.00020144765637815
2442,1.4726166999157184e-10,0.00020833282906096429,0.000200902683660388
