step,lr,train_mse,test_mse
1000,0.00021540701015615877,0.0005041315359994769,0.00047772502526640894
2000,2.798378971682948e-05,0.00023860124085331336,0.00023888175282627344
2442,1.4726166999157184e-10,0.0002401843445841223,0.00023757541459053756
