step,lr,train_mse,test_mse
1000,0.00021540701015615877,0.00045601361722219736,0.00042367882281541826
2000,2.798378971682948e-05,0.00022251881688134745,0.00021835353597998618
2442,1.4726166999157184e-10,0.00022500891209347172,0.00021737925615161657
