step,lr,train_mse,test_mse
1000,0.00021540701015615877,0.0003752068884205073,0.00036805135942995546
2000,2.798378971682948e-05,0.0002186000978690572,0.00021355592366307973
2442,1.4726166999157184e-10,0.0002144536454579793,0.0002125284420326352
