step,lr,train_mse,test_mse
1000,0.00021540701015615877,0.0002794941861066036,0.00026096630655229094
2000,2.798378971682948e-05,0.00021632946038153023,0.0002076668990775943
2442,1.4726166999157184e-10,0.00020826833904720842,0.0002071072803810239
