step,lr,train_mse,test_mse
1000,9.734775188680755e-05,0.0006407691253116354,0.0006634548306465148
1221,2.042885723751997e-09,0.0006855429959250614,0.0006234654895961284
