step,lr,train_mse,test_mse
1000,9.734775188680755e-05,0.0005585638040793129,0.0005292994324117899
1221,2.042885723751997e-09,0.0004933584702666849,0.000492409298196435
