step,lr,train_mse,test_mse
1000,9.734775188680755e-05,0.0006512079358799383,0.0007767225950956344
1221,2.042885723751997e-09,0.0007841771346284076,0.0007241391614079475
