step,lr,train_mse,test_mse
1000,9.734775188680755e-05,0.0005089799186680466,0.0005530524663627148
1221,2.042885723751997e-09,0.0005272837154916488,0.0005173255819827318
