step,lr,train_mse,test_mse
1000,9.734775188680755e-05,0.0005392428685445338,0.0005808901600539685
1221,2.042885723751997e-09,0.0005330606884672306,0.0005536877978593111
