step,lr,train_mse,test_mse
1000,9.734775188680755e-05,0.0006780728045850992,0.0007063674479722977
1221,2.042885723751997e-09,0.0006299342156853527,0.0006502674482762814
